<?xml version="1.0" encoding="UTF-8"?>
<beans xmlns="http://www.springframework.org/schema/beans"
	xmlns:xsi="http://www.w3.org/2001/XMLSchema-instance" xmlns:context="http://www.springframework.org/schema/context"
	xmlns:tx="http://www.springframework.org/schema/tx"
	xsi:schemaLocation="  
    http://www.springframework.org/schema/beans  
    http://www.springframework.org/schema/beans/spring-beans-3.0.xsd  
    http://www.springframework.org/schema/context  
    http://www.springframework.org/schema/context/spring-context-3.0.xsd  
    http://www.springframework.org/schema/tx  
    http://www.springframework.org/schema/tx/spring-tx-3.0.xsd">

	<context:annotation-config/>
 <context:component-scan base-package="com.webonise.vaar"/>


	
	<bean id="jspViewResolver"
		class="org.springframework.web.servlet.view.InternalResourceViewResolver">
		<property name="viewClass"
			value="org.springframework.web.servlet.view.JstlView" />
		<property name="prefix" value="/" />
		<property name="suffix" value=".jsp" />
	</bean>

<bean id="srevice" class="com.webonise.vaar.service.VaarServiceImpl">
</bean>

<bean id="vaarServiceHelper" class="com.webonise.vaar.service.VaarServiceHelper">
</bean>

<bean id="annotationResolver" class="com.webonise.vaar.utility.AnnotationResolver">
</bean>

<bean id="vaarDao" class="com.webonise.vaar.dao.VaarDaoImpl">
</bean>

</beans>  