<beans xmlns="http://www.springframework.org/schema/beans"
   xmlns:context="http://www.springframework.org/schema/context"
   xmlns:xsi="http://www.w3.org/2001/XMLSchema-instance"
   xsi:schemaLocation="
   http://www.springframework.org/schema/beans     
   http://www.springframework.org/schema/beans/spring-beans-3.1.xsd
   http://www.springframework.org/schema/context 
   http://www.springframework.org/schema/context/spring-context-3.1.xsd">


 
 <context:component-scan base-package="com.webonise.vaar" />
 
 
<!--  	This bean is to call the Home.jsp file  -->
   <bean class="org.springframework.web.servlet.view.InternalResourceViewResolver">
      <property name="prefix" value="/WebContent/jsp/" />
      <property name="suffix" value=".jsp" />
   </bean>
 
<!--  earlier it was defined like this  -->
 <!-- 
	<bean id="annotationResolver" class="com.webonise.vaar.utility.AnnotationResolver">
	</bean>
	
	
	  
	<bean id ="vaarSearchTag" class ="com.webonise.vaar.view.VaarSearchTag">
		<property name="annotationResolver" ref="annotationResolver"></property>
	</bean>
	
 -->
 </beans>