<?xml version="1.0" encoding="UTF-8"?>

<!DOCTYPE hibernate-mapping PUBLIC 
 "-//Hibernate/Hibernate Mapping DTD//EN"
 "http://www.hibernate.org/dtd/hibernate-mapping-3.0.dtd"> 

<hibernate-mapping>
   <class name="com.webonise.vaar.user.Employee" table="Employee">
      <meta attribute="class-description">
         This class contains the employee detail. 
      </meta>
	  <id name="Emp_id" type="int" column="Emp_id">
	  </id>
    
      <property name="Emp_name" column="Emp_name" type="string"/>
      <property name="Dept_id" column="Dept_id" type="int"/>
      <property name="dob" column="Emp_DOB" type="java.util.Date"/>
   </class>
</hibernate-mapping>