<?xml version="1.0" encoding="UTF-8"?>

<beans xmlns="http://www.springframework.org/schema/beans"
	xmlns:xsi="http://www.w3.org/2001/XMLSchema-instance" xmlns:jdbc="http://www.springframework.org/schema/jdbc"
	xmlns:tx="http://www.springframework.org/schema/tx" xmlns:jpa="http://www.springframework.org/schema/data/jpa"
	xmlns:context="http://www.springframework.org/schema/context"
	xmlns:task="http://www.springframework.org/schema/task"
	xmlns:cache="http://www.springframework.org/schema/cache"
    xmlns:mvc="http://www.springframework.org/schema/mvc"
	xmlns:p="http://www.springframework.org/schema/p"
	xsi:schemaLocation="http://www.springframework.org/schema/jdbc http://www.springframework.org/schema/jdbc/spring-jdbc.xsd
                http://www.springframework.org/schema/beans http://www.springframework.org/schema/beans/spring-beans.xsd
                                 http://www.springframework.org/schema/tx http://www.springframework.org/schema/tx/spring-tx.xsd
                http://www.springframework.org/schema/data/jpa http://www.springframework.org/schema/data/jpa/spring-jpa.xsd 
                http://www.springframework.org/schema/context http://www.springframework.org/schema/context/spring-context.xsd
                http://www.springframework.org/schema/task http://www.springframework.org/schema/task/spring-task.xsd
                http://www.springframework.org/schema/cache
				http://www.springframework.org/schema/cache/spring-cache.xsd
				http://www.springframework.org/schema/mvc
				http://www.springframework.org/schema/mvc/spring-mvc.xsd">



<bean id="viewResolver"
    	      class="org.springframework.web.servlet.view.InternalResourceViewResolver" >
              <property name="prefix">
                  <value>/WEB-INF/pages/</value>
               </property>
              <property name="suffix">
                 <value>.jsp</value>
              </property>
        </bean>

	<context:component-scan base-package="com.webonise"/>
	<!-- Definition for textEditor bean -->
	<bean id="annotationResolver" class="com.webonise.vaar.utility.AnnotationResolver">
	</bean>
	
	
	  
	<bean id ="vaarSearchTag" class ="com.webonise.vaar.view.VaarSearchTag">
		<property name="annotationResolver" ref="annotationResolver"></property>
	</bean>
	
</beans>