<?xml version="1.0" encoding="UTF-8"?>

<!DOCTYPE hibernate-mapping PUBLIC 
 "-//Hibernate/Hibernate Mapping DTD//EN"
 "http://www.hibernate.org/dtd/hibernate-mapping-3.0.dtd"> 

<hibernate-mapping>
   <class name="com.webonise.vaar.user.Employee" table="employee">
      <meta attribute="class-description">
         This class contains the employee detail. 
      </meta>
	  <id name="id" type="int" column="id">
	  </id>
    
      <property name="name" column="name" type="java.lang.String"/>
      <property name="department" column="did" type="int"/>
      <property name="date" column="dob" type="java.lang.String"/>
   </class>
</hibernate-mapping>